feature	metadata	value	coef	stderr	N	N.not.0	pval	qval
Frondihabitans	enteritis	E3	-2.08770199397278	0.56793044305065	40	6	0.000728906970881003	0.0685622601756223
Patulibacter	enteritis	E3	-2.24715516353976	0.646682973626859	40	10	0.00129362755048344	0.0685622601756223
Chryseobacterium	enteritis	E3	-2.63621410576085	0.803396058742553	40	16	0.00221941841191206	0.078419450554226
Methylorubrum	enteritis	E3	-1.15941305012331	0.411594953869529	40	32	0.00765049548028775	0.202738130227625
