feature	metadata	value	coef	stderr	N	N.not.0	pval	qval
ASV982	enteritis	E3	-2.11762184094108	0.576879029315202	40	8	0.00073982217046048	0.160541410989924
ASV3084	enteritis	E3	-2.27707501050806	0.669160668495377	40	12	0.00158371316987415	0.171832878931345
